{"Gmetrics":[763952,6232,266557,0.0000014988008473140704,2913464,763952,5070848,1810432,5630,4620288,0,1652543977309286400,0,4672,16352,84864,97920,272187,4194304,0,20,791856,1335400,0,1507328,12214432,27516192,0.24176844451258062,0,0,0,0,0,0,0],"Cmetrics":[0,0,0,0,0,0,0,0]}
{"Gmetrics":[763952,6232,266557,0.0000014988008473140704,2913464,763952,4136960,2744320,5630,4620288,6881280,1652543977309286400,0,4672,16352,84864,97920,280884,4194304,0,20,791856,1335400,1507328,1507328,12214432,27516192,0.7742039377976688,0,0,0,0,0,0,0],"Cmetrics":[853,0,0,0,0,0,0,0]}
{"Gmetrics":[1771128,6232,266868,0.0000014988008473140704,2913464,1771128,3276800,3604480,14016,4071424,6881280,1652543977309286400,0,4672,16352,84864,97920,280884,4194304,0,20,791856,1335400,1507328,1507328,12214432,28523368,0.7284961436462362,0,0,0,0,0,0,0],"Cmetrics":[1707,0,0,0,0,0,0,0]}
{"Gmetrics":[1771128,6232,266868,0.0000014988008473140704,2913464,1771128,3276800,3604480,14016,4071424,6881280,1652543977309286400,0,4672,16352,84864,97920,280884,4194304,0,20,791856,1335400,1507328,1507328,12214432,28523368,0.7284961436462362,0,0,0,0,0,0,0],"Cmetrics":[1707,0,0,0,0,0,0,0]}
{"Gmetrics":[1771128,6232,266868,0.0000014988008473140704,2913464,1771128,3276800,3604480,14016,4071424,6881280,1652543977309286400,0,4672,16352,84864,97920,280884,4194304,0,20,791856,1335400,1507328,1507328,12214432,28523368,0.7284961436462362,0,0,0,0,0,0,0],"Cmetrics":[1707,0,0,0,0,0,0,0]}
